	condition
cell_0	condition_1
cell_1	condition_1
cell_2	condition_1
cell_3	condition_1
cell_4	condition_1
cell_5	condition_1
cell_6	condition_1
cell_7	condition_1
cell_8	condition_1
cell_9	condition_1
cell_10	condition_1
cell_11	condition_1
cell_12	condition_1
cell_13	condition_1
cell_14	condition_1
cell_15	condition_1
cell_16	condition_1
cell_17	condition_1
cell_18	condition_1
cell_19	condition_1
cell_20	condition_1
cell_21	condition_1
cell_22	condition_1
cell_23	condition_1
cell_24	condition_1
cell_25	condition_1
cell_26	condition_1
cell_27	condition_1
cell_28	condition_1
cell_29	condition_1
cell_30	condition_1
cell_31	condition_1
cell_32	condition_1
cell_33	condition_1
cell_34	condition_1
cell_35	condition_1
cell_36	condition_1
cell_37	condition_1
cell_38	condition_1
cell_39	condition_1
cell_40	condition_1
cell_41	condition_1
cell_42	condition_1
cell_43	condition_1
cell_44	condition_1
cell_45	condition_1
cell_46	condition_1
cell_47	condition_1
cell_48	condition_1
cell_49	condition_1
cell_50	condition_1
cell_51	condition_1
cell_52	condition_1
cell_53	condition_1
cell_54	condition_1
cell_55	condition_1
cell_56	condition_1
cell_57	condition_1
cell_58	condition_1
cell_59	condition_1
cell_60	condition_1
cell_61	condition_1
cell_62	condition_1
cell_63	condition_1
cell_64	condition_1
cell_65	condition_1
cell_66	condition_1
cell_67	condition_1
cell_68	condition_1
cell_69	condition_1
cell_70	condition_1
cell_71	condition_1
cell_72	condition_1
cell_73	condition_1
cell_74	condition_1
cell_75	condition_1
cell_76	condition_1
cell_77	condition_1
cell_78	condition_1
cell_79	condition_1
cell_80	condition_1
cell_81	condition_1
cell_82	condition_1
cell_83	condition_1
cell_84	condition_1
cell_85	condition_1
cell_86	condition_1
cell_87	condition_1
cell_88	condition_1
cell_89	condition_1
cell_90	condition_1
cell_91	condition_1
cell_92	condition_1
cell_93	condition_1
cell_94	condition_1
cell_95	condition_1
cell_96	condition_1
cell_97	condition_1
cell_98	condition_1
cell_99	condition_1
cell_100	condition_1
cell_101	condition_1
cell_102	condition_1
cell_103	condition_1
cell_104	condition_1
cell_105	condition_1
cell_106	condition_1
cell_107	condition_1
cell_108	condition_1
cell_109	condition_1
cell_110	condition_1
cell_111	condition_1
cell_112	condition_1
cell_113	condition_1
cell_114	condition_1
cell_115	condition_1
cell_116	condition_1
cell_117	condition_1
cell_118	condition_1
cell_119	condition_1
cell_120	condition_1
cell_121	condition_1
cell_122	condition_1
cell_123	condition_1
cell_124	condition_1
cell_125	condition_1
cell_126	condition_1
cell_127	condition_1
cell_128	condition_1
cell_129	condition_1
cell_130	condition_1
cell_131	condition_1
cell_132	condition_1
cell_133	condition_1
cell_134	condition_1
cell_135	condition_1
cell_136	condition_1
cell_137	condition_1
cell_138	condition_1
cell_139	condition_1
cell_140	condition_1
cell_141	condition_1
cell_142	condition_1
cell_143	condition_1
cell_144	condition_1
cell_145	condition_1
cell_146	condition_1
cell_147	condition_1
cell_148	condition_1
cell_149	condition_1
cell_150	condition_1
cell_151	condition_1
cell_152	condition_1
cell_153	condition_1
cell_154	condition_1
cell_155	condition_1
cell_156	condition_1
cell_157	condition_1
cell_158	condition_1
cell_159	condition_1
cell_160	condition_1
cell_161	condition_1
cell_162	condition_1
cell_163	condition_1
cell_164	condition_1
cell_165	condition_1
cell_166	condition_1
cell_167	condition_1
cell_168	condition_1
cell_169	condition_1
cell_170	condition_1
cell_171	condition_1
cell_172	condition_1
cell_173	condition_1
cell_174	condition_1
cell_175	condition_1
cell_176	condition_1
cell_177	condition_1
cell_178	condition_1
cell_179	condition_1
cell_180	condition_1
cell_181	condition_1
cell_182	condition_1
cell_183	condition_1
cell_184	condition_1
cell_185	condition_1
cell_186	condition_1
cell_187	condition_1
cell_188	condition_1
cell_189	condition_1
cell_190	condition_1
cell_191	condition_1
cell_192	condition_1
cell_193	condition_1
cell_194	condition_1
cell_195	condition_1
cell_196	condition_1
cell_197	condition_1
cell_198	condition_1
cell_199	condition_1
cell_200	condition_1
cell_201	condition_1
cell_202	condition_1
cell_203	condition_1
cell_204	condition_1
cell_205	condition_1
cell_206	condition_1
cell_207	condition_1
cell_208	condition_1
cell_209	condition_1
cell_210	condition_1
cell_211	condition_1
cell_212	condition_1
cell_213	condition_1
cell_214	condition_1
cell_215	condition_1
cell_216	condition_1
cell_217	condition_1
cell_218	condition_1
cell_219	condition_1
cell_220	condition_1
cell_221	condition_1
cell_222	condition_1
cell_223	condition_1
cell_224	condition_1
cell_225	condition_1
cell_226	condition_1
cell_227	condition_1
cell_228	condition_1
cell_229	condition_1
cell_230	condition_1
cell_231	condition_1
cell_232	condition_1
cell_233	condition_1
cell_234	condition_1
cell_235	condition_1
cell_236	condition_1
cell_237	condition_1
cell_238	condition_1
cell_239	condition_1
cell_240	condition_1
cell_241	condition_1
cell_242	condition_1
cell_243	condition_1
cell_244	condition_1
cell_245	condition_1
cell_246	condition_1
cell_247	condition_1
cell_248	condition_1
cell_249	condition_1
cell_250	condition_1
cell_251	condition_1
cell_252	condition_1
cell_253	condition_1
cell_254	condition_1
cell_255	condition_1
cell_256	condition_1
cell_257	condition_1
cell_258	condition_1
cell_259	condition_1
cell_260	condition_1
cell_261	condition_1
cell_262	condition_1
cell_263	condition_1
cell_264	condition_1
cell_265	condition_1
cell_266	condition_1
cell_267	condition_1
cell_268	condition_1
cell_269	condition_1
cell_270	condition_1
cell_271	condition_1
cell_272	condition_1
cell_273	condition_1
cell_274	condition_1
cell_275	condition_1
cell_276	condition_1
cell_277	condition_1
cell_278	condition_1
cell_279	condition_1
cell_280	condition_1
cell_281	condition_1
cell_282	condition_1
cell_283	condition_1
cell_284	condition_1
cell_285	condition_1
cell_286	condition_1
cell_287	condition_1
cell_288	condition_1
cell_289	condition_1
cell_290	condition_1
cell_291	condition_1
cell_292	condition_1
cell_293	condition_1
cell_294	condition_1
cell_295	condition_1
cell_296	condition_1
cell_297	condition_1
cell_298	condition_1
cell_299	condition_1
cell_300	condition_1
cell_301	condition_1
cell_302	condition_1
cell_303	condition_1
cell_304	condition_1
cell_305	condition_1
cell_306	condition_1
cell_307	condition_1
cell_308	condition_1
cell_309	condition_1
cell_310	condition_1
cell_311	condition_1
cell_312	condition_1
cell_313	condition_1
cell_314	condition_1
cell_315	condition_1
cell_316	condition_1
cell_317	condition_1
cell_318	condition_1
cell_319	condition_1
cell_320	condition_1
cell_321	condition_1
cell_322	condition_1
cell_323	condition_1
cell_324	condition_1
cell_325	condition_1
cell_326	condition_1
cell_327	condition_1
cell_328	condition_1
cell_329	condition_1
cell_330	condition_1
cell_331	condition_1
cell_332	condition_1
cell_333	condition_1
cell_334	condition_1
cell_335	condition_1
cell_336	condition_1
cell_337	condition_1
cell_338	condition_1
cell_339	condition_1
cell_340	condition_1
cell_341	condition_1
cell_342	condition_1
cell_343	condition_1
cell_344	condition_1
cell_345	condition_1
cell_346	condition_1
cell_347	condition_1
cell_348	condition_1
cell_349	condition_1
cell_350	condition_1
cell_351	condition_1
cell_352	condition_1
cell_353	condition_1
cell_354	condition_1
cell_355	condition_1
cell_356	condition_1
cell_357	condition_1
cell_358	condition_1
cell_359	condition_1
cell_360	condition_1
cell_361	condition_1
cell_362	condition_1
cell_363	condition_1
cell_364	condition_1
cell_365	condition_1
cell_366	condition_1
cell_367	condition_1
cell_368	condition_1
cell_369	condition_1
cell_370	condition_1
cell_371	condition_1
cell_372	condition_1
cell_373	condition_1
cell_374	condition_1
cell_375	condition_1
cell_376	condition_1
cell_377	condition_1
cell_378	condition_1
cell_379	condition_1
cell_380	condition_1
cell_381	condition_1
cell_382	condition_1
cell_383	condition_1
cell_384	condition_1
cell_385	condition_1
cell_386	condition_1
cell_387	condition_1
cell_388	condition_1
cell_389	condition_1
cell_390	condition_1
cell_391	condition_1
cell_392	condition_1
cell_393	condition_1
cell_394	condition_1
cell_395	condition_1
cell_396	condition_1
cell_397	condition_1
cell_398	condition_1
cell_399	condition_1
cell_400	condition_1
cell_401	condition_1
cell_402	condition_1
cell_403	condition_1
cell_404	condition_1
cell_405	condition_1
cell_406	condition_1
cell_407	condition_1
cell_408	condition_1
cell_409	condition_1
cell_410	condition_1
cell_411	condition_1
cell_412	condition_1
cell_413	condition_1
cell_414	condition_1
cell_415	condition_1
cell_416	condition_1
cell_417	condition_1
cell_418	condition_1
cell_419	condition_1
cell_420	condition_1
cell_421	condition_1
cell_422	condition_1
cell_423	condition_1
cell_424	condition_1
cell_425	condition_1
cell_426	condition_1
cell_427	condition_1
cell_428	condition_1
cell_429	condition_1
cell_430	condition_1
cell_431	condition_1
cell_432	condition_1
cell_433	condition_1
cell_434	condition_1
cell_435	condition_1
cell_436	condition_1
cell_437	condition_1
cell_438	condition_1
cell_439	condition_1
cell_440	condition_1
cell_441	condition_1
cell_442	condition_1
cell_443	condition_1
cell_444	condition_1
cell_445	condition_1
cell_446	condition_1
cell_447	condition_1
cell_448	condition_1
cell_449	condition_1
cell_450	condition_1
cell_451	condition_1
cell_452	condition_1
cell_453	condition_1
cell_454	condition_1
cell_455	condition_1
cell_456	condition_1
cell_457	condition_1
cell_458	condition_1
cell_459	condition_1
cell_460	condition_1
cell_461	condition_1
cell_462	condition_1
cell_463	condition_1
cell_464	condition_1
cell_465	condition_1
cell_466	condition_1
cell_467	condition_1
cell_468	condition_1
cell_469	condition_1
cell_470	condition_1
cell_471	condition_1
cell_472	condition_1
cell_473	condition_1
cell_474	condition_1
cell_475	condition_1
cell_476	condition_1
cell_477	condition_1
cell_478	condition_1
cell_479	condition_1
cell_480	condition_1
cell_481	condition_1
cell_482	condition_1
cell_483	condition_1
cell_484	condition_1
cell_485	condition_1
cell_486	condition_1
cell_487	condition_1
cell_488	condition_1
cell_489	condition_1
cell_490	condition_1
cell_491	condition_1
cell_492	condition_1
cell_493	condition_1
cell_494	condition_1
cell_495	condition_1
cell_496	condition_1
cell_497	condition_1
cell_498	condition_1
cell_499	condition_1
cell_500	condition_1
cell_501	condition_1
cell_502	condition_1
cell_503	condition_1
cell_504	condition_1
cell_505	condition_1
cell_506	condition_1
cell_507	condition_1
cell_508	condition_1
cell_509	condition_1
cell_510	condition_1
cell_511	condition_1
cell_512	condition_1
cell_513	condition_1
cell_514	condition_1
cell_515	condition_1
cell_516	condition_1
cell_517	condition_1
cell_518	condition_1
cell_519	condition_1
cell_520	condition_1
cell_521	condition_1
cell_522	condition_1
cell_523	condition_1
cell_524	condition_1
cell_525	condition_1
cell_526	condition_1
cell_527	condition_1
cell_528	condition_1
cell_529	condition_1
cell_530	condition_1
cell_531	condition_1
cell_532	condition_1
cell_533	condition_1
cell_534	condition_1
cell_535	condition_1
cell_536	condition_1
cell_537	condition_1
cell_538	condition_1
cell_539	condition_1
cell_540	condition_1
cell_541	condition_1
cell_542	condition_1
cell_543	condition_1
cell_544	condition_1
cell_545	condition_1
cell_546	condition_1
cell_547	condition_1
cell_548	condition_1
cell_549	condition_1
cell_550	condition_1
cell_551	condition_1
cell_552	condition_1
cell_553	condition_1
cell_554	condition_1
cell_555	condition_1
cell_556	condition_1
cell_557	condition_1
cell_558	condition_1
cell_559	condition_1
cell_560	condition_1
cell_561	condition_1
cell_562	condition_1
cell_563	condition_1
cell_564	condition_1
cell_565	condition_1
cell_566	condition_1
cell_567	condition_1
cell_568	condition_1
cell_569	condition_1
cell_570	condition_1
cell_571	condition_1
cell_572	condition_1
cell_573	condition_1
cell_574	condition_1
cell_575	condition_1
cell_576	condition_1
cell_577	condition_1
cell_578	condition_1
cell_579	condition_1
cell_580	condition_1
cell_581	condition_1
cell_582	condition_1
cell_583	condition_1
cell_584	condition_1
cell_585	condition_1
cell_586	condition_1
cell_587	condition_1
cell_588	condition_1
cell_589	condition_1
cell_590	condition_1
cell_591	condition_1
cell_592	condition_1
cell_593	condition_1
cell_594	condition_1
cell_595	condition_1
cell_596	condition_1
cell_597	condition_1
cell_598	condition_1
cell_599	condition_1
cell_600	condition_2
cell_601	condition_2
cell_602	condition_2
cell_603	condition_2
cell_604	condition_2
cell_605	condition_2
cell_606	condition_2
cell_607	condition_2
cell_608	condition_2
cell_609	condition_2
cell_610	condition_2
cell_611	condition_2
cell_612	condition_2
cell_613	condition_2
cell_614	condition_2
cell_615	condition_2
cell_616	condition_2
cell_617	condition_2
cell_618	condition_2
cell_619	condition_2
cell_620	condition_2
cell_621	condition_2
cell_622	condition_2
cell_623	condition_2
cell_624	condition_2
cell_625	condition_2
cell_626	condition_2
cell_627	condition_2
cell_628	condition_2
cell_629	condition_2
cell_630	condition_2
cell_631	condition_2
cell_632	condition_2
cell_633	condition_2
cell_634	condition_2
cell_635	condition_2
cell_636	condition_2
cell_637	condition_2
cell_638	condition_2
cell_639	condition_2
cell_640	condition_2
cell_641	condition_2
cell_642	condition_2
cell_643	condition_2
cell_644	condition_2
cell_645	condition_2
cell_646	condition_2
cell_647	condition_2
cell_648	condition_2
cell_649	condition_2
cell_650	condition_2
cell_651	condition_2
cell_652	condition_2
cell_653	condition_2
cell_654	condition_2
cell_655	condition_2
cell_656	condition_2
cell_657	condition_2
cell_658	condition_2
cell_659	condition_2
cell_660	condition_2
cell_661	condition_2
cell_662	condition_2
cell_663	condition_2
cell_664	condition_2
cell_665	condition_2
cell_666	condition_2
cell_667	condition_2
cell_668	condition_2
cell_669	condition_2
cell_670	condition_2
cell_671	condition_2
cell_672	condition_2
cell_673	condition_2
cell_674	condition_2
cell_675	condition_2
cell_676	condition_2
cell_677	condition_2
cell_678	condition_2
cell_679	condition_2
cell_680	condition_2
cell_681	condition_2
cell_682	condition_2
cell_683	condition_2
cell_684	condition_2
cell_685	condition_2
cell_686	condition_2
cell_687	condition_2
cell_688	condition_2
cell_689	condition_2
cell_690	condition_2
cell_691	condition_2
cell_692	condition_2
cell_693	condition_2
cell_694	condition_2
cell_695	condition_2
cell_696	condition_2
cell_697	condition_2
cell_698	condition_2
cell_699	condition_2
cell_700	condition_2
cell_701	condition_2
cell_702	condition_2
cell_703	condition_2
cell_704	condition_2
cell_705	condition_2
cell_706	condition_2
cell_707	condition_2
cell_708	condition_2
cell_709	condition_2
cell_710	condition_2
cell_711	condition_2
cell_712	condition_2
cell_713	condition_2
cell_714	condition_2
cell_715	condition_2
cell_716	condition_2
cell_717	condition_2
cell_718	condition_2
cell_719	condition_2
cell_720	condition_2
cell_721	condition_2
cell_722	condition_2
cell_723	condition_2
cell_724	condition_2
cell_725	condition_2
cell_726	condition_2
cell_727	condition_2
cell_728	condition_2
cell_729	condition_2
cell_730	condition_2
cell_731	condition_2
cell_732	condition_2
cell_733	condition_2
cell_734	condition_2
cell_735	condition_2
cell_736	condition_2
cell_737	condition_2
cell_738	condition_2
cell_739	condition_2
cell_740	condition_2
cell_741	condition_2
cell_742	condition_2
cell_743	condition_2
cell_744	condition_2
cell_745	condition_2
cell_746	condition_2
cell_747	condition_2
cell_748	condition_2
cell_749	condition_2
cell_750	condition_2
cell_751	condition_2
cell_752	condition_2
cell_753	condition_2
cell_754	condition_2
cell_755	condition_2
cell_756	condition_2
cell_757	condition_2
cell_758	condition_2
cell_759	condition_2
cell_760	condition_2
cell_761	condition_2
cell_762	condition_2
cell_763	condition_2
cell_764	condition_2
cell_765	condition_2
cell_766	condition_2
cell_767	condition_2
cell_768	condition_2
cell_769	condition_2
cell_770	condition_2
cell_771	condition_2
cell_772	condition_2
cell_773	condition_2
cell_774	condition_2
cell_775	condition_2
cell_776	condition_2
cell_777	condition_2
cell_778	condition_2
cell_779	condition_2
cell_780	condition_2
cell_781	condition_2
cell_782	condition_2
cell_783	condition_2
cell_784	condition_2
cell_785	condition_2
cell_786	condition_2
cell_787	condition_2
cell_788	condition_2
cell_789	condition_2
cell_790	condition_2
cell_791	condition_2
cell_792	condition_2
cell_793	condition_2
cell_794	condition_2
cell_795	condition_2
cell_796	condition_2
cell_797	condition_2
cell_798	condition_2
cell_799	condition_2
cell_800	condition_2
cell_801	condition_2
cell_802	condition_2
cell_803	condition_2
cell_804	condition_2
cell_805	condition_2
cell_806	condition_2
cell_807	condition_2
cell_808	condition_2
cell_809	condition_2
cell_810	condition_2
cell_811	condition_2
cell_812	condition_2
cell_813	condition_2
cell_814	condition_2
cell_815	condition_2
cell_816	condition_2
cell_817	condition_2
cell_818	condition_2
cell_819	condition_2
cell_820	condition_2
cell_821	condition_2
cell_822	condition_2
cell_823	condition_2
cell_824	condition_2
cell_825	condition_2
cell_826	condition_2
cell_827	condition_2
cell_828	condition_2
cell_829	condition_2
cell_830	condition_2
cell_831	condition_2
cell_832	condition_2
cell_833	condition_2
cell_834	condition_2
cell_835	condition_2
cell_836	condition_2
cell_837	condition_2
cell_838	condition_2
cell_839	condition_2
cell_840	condition_2
cell_841	condition_2
cell_842	condition_2
cell_843	condition_2
cell_844	condition_2
cell_845	condition_2
cell_846	condition_2
cell_847	condition_2
cell_848	condition_2
cell_849	condition_2
cell_850	condition_2
cell_851	condition_2
cell_852	condition_2
cell_853	condition_2
cell_854	condition_2
cell_855	condition_2
cell_856	condition_2
cell_857	condition_2
cell_858	condition_2
cell_859	condition_2
cell_860	condition_2
cell_861	condition_2
cell_862	condition_2
cell_863	condition_2
cell_864	condition_2
cell_865	condition_2
cell_866	condition_2
cell_867	condition_2
cell_868	condition_2
cell_869	condition_2
cell_870	condition_2
cell_871	condition_2
cell_872	condition_2
cell_873	condition_2
cell_874	condition_2
cell_875	condition_2
cell_876	condition_2
cell_877	condition_2
cell_878	condition_2
cell_879	condition_2
cell_880	condition_2
cell_881	condition_2
cell_882	condition_2
cell_883	condition_2
cell_884	condition_2
cell_885	condition_2
cell_886	condition_2
cell_887	condition_2
cell_888	condition_2
cell_889	condition_2
cell_890	condition_2
cell_891	condition_2
cell_892	condition_2
cell_893	condition_2
cell_894	condition_2
cell_895	condition_2
cell_896	condition_2
cell_897	condition_2
cell_898	condition_2
cell_899	condition_2
cell_900	condition_2
cell_901	condition_2
cell_902	condition_2
cell_903	condition_2
cell_904	condition_2
cell_905	condition_2
cell_906	condition_2
cell_907	condition_2
cell_908	condition_2
cell_909	condition_2
cell_910	condition_2
cell_911	condition_2
cell_912	condition_2
cell_913	condition_2
cell_914	condition_2
cell_915	condition_2
cell_916	condition_2
cell_917	condition_2
cell_918	condition_2
cell_919	condition_2
cell_920	condition_2
cell_921	condition_2
cell_922	condition_2
cell_923	condition_2
cell_924	condition_2
cell_925	condition_2
cell_926	condition_2
cell_927	condition_2
cell_928	condition_2
cell_929	condition_2
cell_930	condition_2
cell_931	condition_2
cell_932	condition_2
cell_933	condition_2
cell_934	condition_2
cell_935	condition_2
cell_936	condition_2
cell_937	condition_2
cell_938	condition_2
cell_939	condition_2
cell_940	condition_2
cell_941	condition_2
cell_942	condition_2
cell_943	condition_2
cell_944	condition_2
cell_945	condition_2
cell_946	condition_2
cell_947	condition_2
cell_948	condition_2
cell_949	condition_2
cell_950	condition_2
cell_951	condition_2
cell_952	condition_2
cell_953	condition_2
cell_954	condition_2
cell_955	condition_2
cell_956	condition_2
cell_957	condition_2
cell_958	condition_2
cell_959	condition_2
cell_960	condition_2
cell_961	condition_2
cell_962	condition_2
cell_963	condition_2
cell_964	condition_2
cell_965	condition_2
cell_966	condition_2
cell_967	condition_2
cell_968	condition_2
cell_969	condition_2
cell_970	condition_2
cell_971	condition_2
cell_972	condition_2
cell_973	condition_2
cell_974	condition_2
cell_975	condition_2
cell_976	condition_2
cell_977	condition_2
cell_978	condition_2
cell_979	condition_2
cell_980	condition_2
cell_981	condition_2
cell_982	condition_2
cell_983	condition_2
cell_984	condition_2
cell_985	condition_2
cell_986	condition_2
cell_987	condition_2
cell_988	condition_2
cell_989	condition_2
cell_990	condition_2
cell_991	condition_2
cell_992	condition_2
cell_993	condition_2
cell_994	condition_2
cell_995	condition_2
cell_996	condition_2
cell_997	condition_2
cell_998	condition_2
cell_999	condition_2
